{"module_spec_class": "ray.rllib.core.rl_module.rl_module.SingleAgentRLModuleSpec", "module_spec_dict": {"module_class": "ray.rllib.algorithms.ppo.torch.ppo_torch_rl_module.PPOTorchRLModule", "module_config": {"observation_space": {"space": "box", "low": "eJyb7BfqGxDJyFDGUK2eklqcXKRupaBeU2qorqOgnpZfVFKUmBefX5SSChJ3S8wpTgWKF2ckFqQC+RqGlgY6mjoKtQpkAy6GIQ0AHvQbzQ==", "high": "eJyb7BfqGxDJyFDGUK2eklqcXKRupaBeU2qorqOgnpZfVFKUmBefX5SSChJ3S8wpTgWKF2ckFqQC+RqGlgY6mjoKtQpkAy7GIQ0AZdUciw==", "shape": [190], "dtype": "|u1"}, "action_space": {"space": "multi-discrete", "nvec": "eJyb7BfqGxDJyFDGUK2eklqcXKRupaBuk2mhrqOgnpZfVFKUmBefX5SSChJ3S8wpTgWKF2ckFqQC+RrGOpo6CrUKFAAuEQYIgNFMUBoA6iAbiw==", "dtype": "<i8"}, "model_config_dict": {"_disable_preprocessor_api": false, "_disable_action_flattening": false, "fcnet_hiddens": [256, 256], "fcnet_activation": "tanh", "conv_filters": null, "conv_activation": "relu", "post_fcnet_hiddens": [], "post_fcnet_activation": "relu", "free_log_std": false, "no_final_linear": false, "vf_share_layers": false, "use_lstm": false, "max_seq_len": 20, "lstm_cell_size": 256, "lstm_use_prev_action": false, "lstm_use_prev_reward": false, "_time_major": false, "use_attention": false, "attention_num_transformer_units": 1, "attention_dim": 64, "attention_num_heads": 1, "attention_head_dim": 32, "attention_memory_inference": 50, "attention_memory_training": 50, "attention_position_wise_mlp_dim": 32, "attention_init_gru_gate_bias": 2.0, "attention_use_n_prev_actions": 0, "attention_use_n_prev_rewards": 0, "framestack": true, "dim": 84, "grayscale": false, "zero_mean": true, "custom_model": null, "custom_model_config": {}, "custom_action_dist": null, "custom_preprocessor": null, "encoder_latent_dim": null, "always_check_shapes": false, "lstm_use_prev_action_reward": -1, "_use_default_native_models": -1}, "catalog_class_path": "ray.rllib.algorithms.ppo.ppo_catalog.PPOCatalog"}}, "ray_version": "2.8.1", "ray_commit_hash": "82a8df138fe7fcc5c42536ebf26e8c3665704fee", "checkpoint_date_time": "2024-03-13 10:00:25 GMT"}